,image_paths
0,../00001/00025_00000.jpg
1,../00001/00025_00001.jpg
2,../00001/00025_00002.jpg
3,../00001/00029_00000.jpg
4,../00001/00029_00001.jpg
5,../00001/00029_00002.jpg
6,../00001/00079_00000.jpg
7,../00001/00079_00001.jpg
8,../00001/00079_00002.jpg
9,../00001/00136_00000.jpg
10,../00001/00136_00001.jpg
11,../00001/00136_00002.jpg
12,../00001/00143_00000.jpg
13,../00001/00143_00001.jpg
14,../00001/00143_00002.jpg
15,../00001/00455_00000.jpg
16,../00001/00455_00001.jpg
17,../00001/00455_00002.jpg
18,../00001/00468_00000.jpg
19,../00001/00468_00001.jpg
20,../00001/00468_00002.jpg
21,../00001/00475_00000.jpg
22,../00001/00475_00001.jpg
23,../00001/00475_00002.jpg
24,../00001/00801_00000.jpg
25,../00001/00801_00001.jpg
26,../00001/00801_00002.jpg
27,../00001/00806_00000.jpg
28,../00001/00806_00001.jpg
29,../00001/00806_00002.jpg
30,../00001/00874_00000.jpg
31,../00001/00874_00001.jpg
32,../00001/00874_00002.jpg
33,../00001/00876_00000.jpg
34,../00001/00876_00001.jpg
35,../00001/00876_00002.jpg
36,../00001/00877_00000.jpg
37,../00001/00877_00001.jpg
38,../00001/00877_00002.jpg
39,../00001/00881_00000.jpg
40,../00001/00881_00001.jpg
41,../00001/00881_00002.jpg
42,../00001/00897_00000.jpg
43,../00001/00897_00001.jpg
44,../00001/00897_00002.jpg
45,../00001/00900_00000.jpg
46,../00001/00900_00001.jpg
47,../00001/00900_00002.jpg
48,../00001/00920_00000.jpg
49,../00001/00920_00001.jpg
50,../00001/00920_00002.jpg
51,../00001/00921_00000.jpg
52,../00001/00921_00001.jpg
53,../00001/00933_00000.jpg
54,../00001/00933_00001.jpg
55,../00001/00933_00002.jpg
56,../00001/00941_00000.jpg
57,../00001/00941_00001.jpg
58,../00001/00941_00002.jpg
59,../00001/00947_00000.jpg
60,../00001/00947_00001.jpg
61,../00001/00947_00002.jpg
62,../00001/00965_00000.jpg
63,../00001/00965_00001.jpg
64,../00001/00965_00002.jpg
65,../00001/01028_00000.jpg
66,../00001/01028_00001.jpg
67,../00001/01028_00002.jpg
68,../00001/01103_00000.jpg
69,../00001/01103_00001.jpg
70,../00001/01103_00002.jpg
71,../00001/01114_00000.jpg
72,../00001/01114_00001.jpg
73,../00001/01114_00002.jpg
74,../00001/01278_00000.jpg
75,../00001/01278_00001.jpg
76,../00001/01278_00002.jpg
77,../00001/01556_00000.jpg
78,../00001/01556_00001.jpg
79,../00001/01556_00002.jpg
80,../00001/01584_00000.jpg
81,../00001/01584_00001.jpg
82,../00001/01584_00002.jpg
83,../00001/01585_00000.jpg
84,../00001/01585_00001.jpg
85,../00001/01585_00002.jpg
86,../00001/01590_00000.jpg
87,../00001/01590_00001.jpg
88,../00001/01590_00002.jpg
89,../00001/01651_00000.jpg
90,../00001/01651_00001.jpg
91,../00001/01651_00002.jpg
92,../00001/01662_00000.jpg
93,../00001/01662_00001.jpg
94,../00001/01662_00002.jpg
95,../00001/01681_00000.jpg
96,../00001/01681_00001.jpg
97,../00001/01681_00002.jpg
98,../00001/01699_00000.jpg
99,../00001/01699_00001.jpg
100,../00002/00001_00000.jpg
101,../00002/00001_00001.jpg
102,../00002/00001_00002.jpg
103,../00002/00018_00000.jpg
104,../00002/00018_00001.jpg
105,../00002/00018_00002.jpg
106,../00002/00028_00000.jpg
107,../00002/00028_00001.jpg
108,../00002/00028_00002.jpg
109,../00002/00192_00000.jpg
110,../00002/00192_00001.jpg
111,../00002/00192_00002.jpg
112,../00002/00927_00000.jpg
113,../00002/00927_00001.jpg
114,../00002/00927_00002.jpg
115,../00002/00928_00000.jpg
116,../00002/00928_00001.jpg
117,../00002/00928_00002.jpg
118,../00002/00930_00000.jpg
119,../00002/00930_00001.jpg
120,../00002/00931_00001.jpg
121,../00002/00937_00001.jpg
122,../00002/00937_00002.jpg
123,../00002/00937_00003.jpg
124,../00002/00938_00000.jpg
125,../00002/00943_00001.jpg
126,../00002/00945_00000.jpg
127,../00002/00945_00001.jpg
128,../00002/00945_00002.jpg
129,../00002/00957_00002.jpg
130,../00002/00959_00000.jpg
131,../00002/00959_00001.jpg
132,../00002/00959_00002.jpg
133,../00002/01002_00002.jpg
134,../00002/01003_00000.jpg
135,../00002/01003_00001.jpg
136,../00002/01003_00002.jpg
137,../00002/01013_00000.jpg
138,../00002/01013_00001.jpg
139,../00002/01013_00002.jpg
140,../00002/01102_00002.jpg
141,../00002/01108_00000.jpg
142,../00002/01108_00001.jpg
143,../00002/01108_00002.jpg
144,../00002/01109_00002.jpg
145,../00002/01111_00000.jpg
146,../00002/01111_00001.jpg
147,../00002/01112_00000.jpg
148,../00002/01232_00002.jpg
149,../00002/01237_00000.jpg
150,../00002/01237_00001.jpg
151,../00002/01237_00002.jpg
152,../00002/01238_00002.jpg
153,../00002/01243_00000.jpg
154,../00002/01243_00001.jpg
155,../00002/01243_00002.jpg
156,../00002/01244_00002.jpg
157,../00002/01248_00000.jpg
158,../00002/01248_00001.jpg
159,../00002/01248_00002.jpg
160,../00002/01249_00002.jpg
161,../00002/01253_00000.jpg
162,../00002/01253_00001.jpg
163,../00002/01253_00002.jpg
164,../00002/01254_00001.jpg
165,../00002/01254_00002.jpg
166,../00002/01262_00000.jpg
167,../00002/01262_00001.jpg
168,../00002/01263_00001.jpg
169,../00002/01263_00002.jpg
170,../00002/01269_00000.jpg
171,../00002/01269_00001.jpg
172,../00002/01275_00000.jpg
173,../00002/01275_00001.jpg
174,../00002/01275_00002.jpg
175,../00002/01276_00000.jpg
176,../00002/01502_00002.jpg
177,../00002/01504_00000.jpg
178,../00002/01511_00002.jpg
179,../00002/01514_00000.jpg
180,../00002/01519_00002.jpg
181,../00002/01524_00001.jpg
182,../00002/01525_00002.jpg
183,../00002/01526_00000.jpg
184,../00002/01528_00002.jpg
185,../00002/01536_00000.jpg
186,../00002/01536_00001.jpg
187,../00002/01536_00002.jpg
188,../00002/01588_00001.jpg
189,../00002/01588_00002.jpg
190,../00002/01713_00001.jpg
191,../00002/01915_00000.jpg
192,../00002/01915_00001.jpg
193,../00002/01915_00002.jpg
194,../00002/01916_00000.jpg
195,../00002/01955_00002.jpg
196,../00002/01956_00000.jpg
197,../00002/01958_00000.jpg
198,../00002/01958_00001.jpg
199,../00002/01958_00002.jpg
200,../00003/00173_00000.jpg
201,../00003/00173_00001.jpg
202,../00003/00173_00002.jpg
203,../00003/00224_00000.jpg
204,../00003/00224_00001.jpg
205,../00003/00224_00002.jpg
206,../00003/00361_00000.jpg
207,../00003/00361_00001.jpg
208,../00003/00361_00002.jpg
209,../00003/00372_00000.jpg
210,../00003/00372_00001.jpg
211,../00003/00372_00002.jpg
212,../00003/00377_00000.jpg
213,../00003/00421_00000.jpg
214,../00003/00421_00001.jpg
215,../00003/00421_00002.jpg
216,../00003/00549_00000.jpg
217,../00003/00549_00001.jpg
218,../00003/00549_00002.jpg
219,../00003/00553_00000.jpg
220,../00003/00553_00001.jpg
221,../00003/00553_00002.jpg
222,../00003/00559_00000.jpg
223,../00003/00559_00001.jpg
224,../00003/00559_00002.jpg
225,../00003/00569_00000.jpg
226,../00003/00569_00001.jpg
227,../00003/00569_00002.jpg
228,../00003/00578_00000.jpg
229,../00003/00578_00001.jpg
230,../00003/00578_00002.jpg
231,../00003/00619_00000.jpg
232,../00003/00619_00001.jpg
233,../00003/00619_00002.jpg
234,../00003/00653_00000.jpg
235,../00003/00653_00001.jpg
236,../00003/00653_00002.jpg
237,../00003/00758_00000.jpg
238,../00003/00758_00001.jpg
239,../00003/00758_00002.jpg
240,../00003/00762_00000.jpg
241,../00003/00762_00001.jpg
242,../00003/00762_00002.jpg
243,../00003/01529_00000.jpg
244,../00003/01529_00001.jpg
245,../00003/01529_00002.jpg
246,../00003/01744_00000.jpg
247,../00003/01763_00000.jpg
248,../00003/01763_00001.jpg
249,../00003/01763_00002.jpg
250,../00003/01764_00000.jpg
251,../00003/01764_00001.jpg
252,../00003/01764_00002.jpg
253,../00003/01773_00000.jpg
254,../00003/01773_00001.jpg
255,../00003/01773_00002.jpg
256,../00003/01775_00000.jpg
257,../00003/01775_00001.jpg
258,../00003/01775_00002.jpg
259,../00003/01807_00000.jpg
260,../00003/01807_00001.jpg
261,../00003/01807_00002.jpg
262,../00003/01815_00000.jpg
263,../00003/01815_00001.jpg
264,../00003/01815_00002.jpg
265,../00003/01816_00000.jpg
266,../00003/01816_00001.jpg
267,../00003/01816_00002.jpg
268,../00003/01817_00000.jpg
269,../00003/01817_00001.jpg
270,../00003/01817_00002.jpg
271,../00003/01818_00000.jpg
272,../00003/01818_00001.jpg
273,../00003/01818_00002.jpg
274,../00003/01820_00000.jpg
275,../00003/01820_00001.jpg
276,../00003/01820_00002.jpg
277,../00003/01823_00000.jpg
278,../00003/01823_00001.jpg
279,../00003/01823_00002.jpg
280,../00003/01824_00000.jpg
281,../00003/01824_00001.jpg
282,../00003/01828_00000.jpg
283,../00003/01828_00001.jpg
284,../00003/01828_00002.jpg
285,../00003/01846_00000.jpg
286,../00003/01846_00001.jpg
287,../00003/01846_00002.jpg
288,../00003/01847_00000.jpg
289,../00003/01847_00001.jpg
290,../00003/01847_00002.jpg
291,../00003/01848_00000.jpg
292,../00003/01848_00001.jpg
293,../00003/01848_00002.jpg
294,../00003/01849_00000.jpg
295,../00003/01849_00001.jpg
296,../00003/01849_00002.jpg
297,../00003/01852_00000.jpg
298,../00003/01852_00001.jpg
299,../00003/01852_00002.jpg
300,../00004/00132_00000.jpg
301,../00004/00132_00001.jpg
302,../00004/00132_00002.jpg
303,../00004/00295_00000.jpg
304,../00004/00305_00000.jpg
305,../00004/00305_00001.jpg
306,../00004/00305_00002.jpg
307,../00004/00689_00000.jpg
308,../00004/00689_00001.jpg
309,../00004/00689_00002.jpg
310,../00004/00689_00003.jpg
311,../00004/00719_00000.jpg
312,../00004/00719_00001.jpg
313,../00004/00719_00002.jpg
314,../00004/00736_00000.jpg
315,../00004/00736_00001.jpg
316,../00004/00736_00002.jpg
317,../00004/00769_00000.jpg
318,../00004/00769_00001.jpg
319,../00004/00769_00002.jpg
320,../00004/00770_00000.jpg
321,../00004/00770_00001.jpg
322,../00004/00770_00002.jpg
323,../00004/00781_00000.jpg
324,../00004/00781_00001.jpg
325,../00004/00781_00002.jpg
326,../00004/00987_00000.jpg
327,../00004/00987_00001.jpg
328,../00004/01017_00000.jpg
329,../00004/01017_00001.jpg
330,../00004/01017_00002.jpg
331,../00004/01061_00000.jpg
332,../00004/01061_00002.jpg
333,../00004/01061_00003.jpg
334,../00004/01062_00000.jpg
335,../00004/01062_00001.jpg
336,../00004/01062_00002.jpg
337,../00004/01077_00000.jpg
338,../00004/01077_00001.jpg
339,../00004/01077_00002.jpg
340,../00004/01081_00000.jpg
341,../00004/01081_00001.jpg
342,../00004/01081_00002.jpg
343,../00004/01138_00000.jpg
344,../00004/01138_00001.jpg
345,../00004/01138_00002.jpg
346,../00004/01139_00002.jpg
347,../00004/01152_00000.jpg
348,../00004/01152_00001.jpg
349,../00004/01152_00002.jpg
350,../00004/01159_00000.jpg
351,../00004/01159_00001.jpg
352,../00004/01159_00002.jpg
353,../00004/01186_00000.jpg
354,../00004/01186_00001.jpg
355,../00004/01186_00002.jpg
356,../00004/01189_00000.jpg
357,../00004/01189_00001.jpg
358,../00004/01189_00002.jpg
359,../00004/01195_00000.jpg
360,../00004/01195_00001.jpg
361,../00004/01195_00002.jpg
362,../00004/01393_00000.jpg
363,../00004/01393_00001.jpg
364,../00004/01406_00000.jpg
365,../00004/01406_00001.jpg
366,../00004/01406_00002.jpg
367,../00004/01423_00000.jpg
368,../00004/01423_00001.jpg
369,../00004/01426_00000.jpg
370,../00004/01426_00001.jpg
371,../00004/01433_00000.jpg
372,../00004/01433_00001.jpg
373,../00004/01433_00002.jpg
374,../00004/01485_00002.jpg
375,../00004/01531_00000.jpg
376,../00004/01531_00001.jpg
377,../00004/01531_00002.jpg
378,../00004/01598_00000.jpg
379,../00004/01598_00001.jpg
380,../00004/01598_00002.jpg
381,../00004/01605_00000.jpg
382,../00004/01605_00001.jpg
383,../00004/01653_00000.jpg
384,../00004/01653_00001.jpg
385,../00004/01653_00002.jpg
386,../00004/01700_00000.jpg
387,../00004/01700_00001.jpg
388,../00004/01782_00000.jpg
389,../00004/01782_00001.jpg
390,../00004/01782_00002.jpg
391,../00004/01794_00000.jpg
392,../00004/01794_00001.jpg
393,../00004/01794_00002.jpg
394,../00004/01801_00000.jpg
395,../00004/01801_00001.jpg
396,../00004/01801_00002.jpg
397,../00004/01880_00000.jpg
398,../00004/01880_00001.jpg
399,../00004/01880_00002.jpg
400,../00005/00020_00000.jpg
401,../00005/00020_00001.jpg
402,../00005/00020_00002.jpg
403,../00005/00048_00000.jpg
404,../00005/00048_00001.jpg
405,../00005/00048_00002.jpg
406,../00005/00053_00000.jpg
407,../00005/00053_00001.jpg
408,../00005/00053_00002.jpg
409,../00005/00112_00000.jpg
410,../00005/00112_00001.jpg
411,../00005/00112_00002.jpg
412,../00005/00362_00000.jpg
413,../00005/00362_00001.jpg
414,../00005/00362_00002.jpg
415,../00005/00363_00000.jpg
416,../00005/00363_00001.jpg
417,../00005/00363_00002.jpg
418,../00005/00560_00000.jpg
419,../00005/00560_00001.jpg
420,../00005/00560_00002.jpg
421,../00005/00570_00000.jpg
422,../00005/00570_00001.jpg
423,../00005/00570_00002.jpg
424,../00005/00571_00000.jpg
425,../00005/00571_00001.jpg
426,../00005/00571_00002.jpg
427,../00005/00678_00000.jpg
428,../00005/00678_00001.jpg
429,../00005/00678_00002.jpg
430,../00005/00687_00000.jpg
431,../00005/00687_00001.jpg
432,../00005/00687_00002.jpg
433,../00005/00702_00000.jpg
434,../00005/00702_00001.jpg
435,../00005/00702_00002.jpg
436,../00005/00725_00000.jpg
437,../00005/00725_00001.jpg
438,../00005/00725_00002.jpg
439,../00005/00882_00000.jpg
440,../00005/00882_00001.jpg
441,../00005/00882_00002.jpg
442,../00005/00888_00000.jpg
443,../00005/00888_00001.jpg
444,../00005/00888_00002.jpg
445,../00005/00905_00000.jpg
446,../00005/00905_00001.jpg
447,../00005/00905_00002.jpg
448,../00005/00907_00000.jpg
449,../00005/00907_00001.jpg
450,../00005/00907_00002.jpg
451,../00005/00926_00000.jpg
452,../00005/00926_00001.jpg
453,../00005/00929_00000.jpg
454,../00005/00929_00001.jpg
455,../00005/00929_00002.jpg
456,../00005/00932_00000.jpg
457,../00005/00932_00001.jpg
458,../00005/00932_00002.jpg
459,../00005/00936_00000.jpg
460,../00005/00936_00001.jpg
461,../00005/00936_00002.jpg
462,../00005/00939_00000.jpg
463,../00005/00939_00001.jpg
464,../00005/00939_00002.jpg
465,../00005/01015_00000.jpg
466,../00005/01015_00001.jpg
467,../00005/01015_00002.jpg
468,../00005/01044_00002.jpg
469,../00005/01051_00000.jpg
470,../00005/01051_00001.jpg
471,../00005/01051_00002.jpg
472,../00005/01057_00001.jpg
473,../00005/01099_00001.jpg
474,../00005/01156_00000.jpg
475,../00005/01156_00001.jpg
476,../00005/01156_00002.jpg
477,../00005/01168_00000.jpg
478,../00005/01168_00001.jpg
479,../00005/01168_00002.jpg
480,../00005/01171_00000.jpg
481,../00005/01171_00001.jpg
482,../00005/01171_00002.jpg
483,../00005/01171_00003.jpg
484,../00005/01173_00000.jpg
485,../00005/01173_00001.jpg
486,../00005/01173_00002.jpg
487,../00005/01210_00000.jpg
488,../00005/01210_00001.jpg
489,../00005/01210_00002.jpg
490,../00005/01224_00001.jpg
491,../00005/01224_00002.jpg
492,../00005/01245_00000.jpg
493,../00005/01245_00001.jpg
494,../00005/01245_00002.jpg
495,../00005/01546_00000.jpg
496,../00005/01546_00001.jpg
497,../00005/01550_00001.jpg
498,../00005/01560_00000.jpg
499,../00005/01560_00001.jpg
500,../00006/00006_00000.jpg
501,../00006/00006_00001.jpg
502,../00006/00006_00002.jpg
503,../00006/00056_00000.jpg
504,../00006/00056_00001.jpg
505,../00006/00058_00000.jpg
506,../00006/00058_00002.jpg
507,../00006/00066_00000.jpg
508,../00006/00066_00001.jpg
509,../00006/00066_00002.jpg
510,../00006/00072_00000.jpg
511,../00006/00072_00001.jpg
512,../00006/00096_00000.jpg
513,../00006/00096_00001.jpg
514,../00006/00114_00000.jpg
515,../00006/00114_00001.jpg
516,../00006/00114_00002.jpg
517,../00006/00170_00001.jpg
518,../00006/00170_00002.jpg
519,../00006/00459_00000.jpg
520,../00006/00459_00001.jpg
521,../00006/00854_00000.jpg
522,../00006/00854_00001.jpg
523,../00006/00854_00002.jpg
524,../00006/00916_00000.jpg
525,../00006/00916_00001.jpg
526,../00006/00916_00002.jpg
527,../00006/00923_00001.jpg
528,../00006/00942_00000.jpg
529,../00006/00942_00001.jpg
530,../00006/00960_00000.jpg
531,../00006/00960_00001.jpg
532,../00006/00960_00002.jpg
533,../00006/00980_00002.jpg
534,../00006/00981_00000.jpg
535,../00006/00981_00001.jpg
536,../00006/00981_00002.jpg
537,../00006/00982_00000.jpg
538,../00006/00982_00001.jpg
539,../00006/00982_00002.jpg
540,../00006/00983_00000.jpg
541,../00006/00983_00001.jpg
542,../00006/00983_00002.jpg
543,../00006/01001_00000.jpg
544,../00006/01001_00001.jpg
545,../00006/01001_00002.jpg
546,../00006/01010_00000.jpg
547,../00006/01010_00001.jpg
548,../00006/01010_00002.jpg
549,../00006/01038_00000.jpg
550,../00006/01038_00002.jpg
551,../00006/01039_00000.jpg
552,../00006/01039_00001.jpg
553,../00006/01039_00002.jpg
554,../00006/01101_00000.jpg
555,../00006/01101_00001.jpg
556,../00006/01101_00002.jpg
557,../00006/01106_00000.jpg
558,../00006/01106_00001.jpg
559,../00006/01106_00002.jpg
560,../00006/01190_00000.jpg
561,../00006/01190_00001.jpg
562,../00006/01190_00002.jpg
563,../00006/01207_00000.jpg
564,../00006/01207_00001.jpg
565,../00006/01207_00002.jpg
566,../00006/01209_00000.jpg
567,../00006/01209_00001.jpg
568,../00006/01209_00002.jpg
569,../00006/01212_00000.jpg
570,../00006/01212_00001.jpg
571,../00006/01344_00001.jpg
572,../00006/01344_00002.jpg
573,../00006/01349_00000.jpg
574,../00006/01349_00001.jpg
575,../00006/01349_00002.jpg
576,../00006/01355_00000.jpg
577,../00006/01355_00001.jpg
578,../00006/01355_00002.jpg
579,../00006/01368_00000.jpg
580,../00006/01368_00001.jpg
581,../00006/01368_00002.jpg
582,../00006/01513_00000.jpg
583,../00006/01513_00001.jpg
584,../00006/01513_00002.jpg
585,../00006/01571_00000.jpg
586,../00006/01571_00001.jpg
587,../00006/01571_00002.jpg
588,../00006/01749_00000.jpg
589,../00006/01895_00000.jpg
590,../00006/01895_00001.jpg
591,../00006/01906_00000.jpg
592,../00006/01906_00001.jpg
593,../00006/01906_00002.jpg
594,../00006/01928_00000.jpg
595,../00006/01928_00001.jpg
596,../00006/01928_00002.jpg
597,../00006/01936_00000.jpg
598,../00006/01936_00001.jpg
599,../00006/01936_00002.jpg
600,../00007/00019_00000.jpg
601,../00007/00019_00001.jpg
602,../00007/00019_00002.jpg
603,../00007/00040_00000.jpg
604,../00007/00040_00001.jpg
605,../00007/00040_00002.jpg
606,../00007/00094_00000.jpg
607,../00007/00094_00001.jpg
608,../00007/00094_00002.jpg
609,../00007/00200_00000.jpg
610,../00007/00200_00001.jpg
611,../00007/00200_00002.jpg
612,../00007/00292_00000.jpg
613,../00007/00292_00001.jpg
614,../00007/00292_00002.jpg
615,../00007/00333_00000.jpg
616,../00007/00333_00001.jpg
617,../00007/00333_00002.jpg
618,../00007/00407_00000.jpg
619,../00007/00407_00001.jpg
620,../00007/00407_00002.jpg
621,../00007/00517_00000.jpg
622,../00007/00517_00001.jpg
623,../00007/00517_00002.jpg
624,../00007/00589_00000.jpg
625,../00007/00589_00001.jpg
626,../00007/00589_00002.jpg
627,../00007/00589_00008.jpg
628,../00007/00589_00009.jpg
629,../00007/00642_00000.jpg
630,../00007/00642_00001.jpg
631,../00007/00642_00002.jpg
632,../00007/00662_00000.jpg
633,../00007/00662_00001.jpg
634,../00007/00662_00002.jpg
635,../00007/00663_00000.jpg
636,../00007/00663_00001.jpg
637,../00007/00663_00002.jpg
638,../00007/00779_00000.jpg
639,../00007/00779_00001.jpg
640,../00007/00779_00002.jpg
641,../00007/00898_00000.jpg
642,../00007/00898_00001.jpg
643,../00007/00898_00002.jpg
644,../00007/01031_00000.jpg
645,../00007/01031_00002.jpg
646,../00007/01035_00000.jpg
647,../00007/01035_00001.jpg
648,../00007/01308_00000.jpg
649,../00007/01308_00001.jpg
650,../00007/01308_00002.jpg
651,../00007/01308_10000.jpg
652,../00007/01357_00000.jpg
653,../00007/01357_00001.jpg
654,../00007/01357_00002.jpg
655,../00007/01358_00000.jpg
656,../00007/01358_00001.jpg
657,../00007/01366_00000.jpg
658,../00007/01366_00001.jpg
659,../00007/01366_00002.jpg
660,../00007/01372_00000.jpg
661,../00007/01372_00001.jpg
662,../00007/01375_00000.jpg
663,../00007/01375_00001.jpg
664,../00007/01399_00000.jpg
665,../00007/01399_00001.jpg
666,../00007/01399_00002.jpg
667,../00007/01456_00000.jpg
668,../00007/01456_00001.jpg
669,../00007/01675_00000.jpg
670,../00007/01675_00001.jpg
671,../00007/01675_00002.jpg
672,../00007/01678_00000.jpg
673,../00007/01678_00001.jpg
674,../00007/01678_00002.jpg
675,../00007/01690_00000.jpg
676,../00007/01690_00001.jpg
677,../00007/01690_00002.jpg
678,../00007/01708_00000.jpg
679,../00007/01708_00001.jpg
680,../00007/01708_00002.jpg
681,../00007/01726_00000.jpg
682,../00007/01726_00001.jpg
683,../00007/01726_00002.jpg
684,../00007/01806_00000.jpg
685,../00007/01806_00001.jpg
686,../00007/01806_00002.jpg
687,../00007/01896_00000.jpg
688,../00007/01896_00001.jpg
689,../00007/01896_00002.jpg
690,../00007/01896_00004.jpg
691,../00007/01897_00000.jpg
692,../00007/01897_00001.jpg
693,../00007/01897_00002.jpg
694,../00007/01901_00000.jpg
695,../00007/01901_00001.jpg
696,../00007/01901_00002.jpg
697,../00007/01904_00000.jpg
698,../00007/01904_00001.jpg
699,../00007/01904_00002.jpg
700,../00008/00004_00000.jpg
701,../00008/00004_00001.jpg
702,../00008/00049_00000.jpg
703,../00008/00049_00001.jpg
704,../00008/00049_00002.jpg
705,../00008/00059_00000.jpg
706,../00008/00059_00001.jpg
707,../00008/00061_00000.jpg
708,../00008/00061_00001.jpg
709,../00008/00061_00002.jpg
710,../00008/00067_00000.jpg
711,../00008/00067_00001.jpg
712,../00008/00067_00002.jpg
713,../00008/00075_00000.jpg
714,../00008/00075_00001.jpg
715,../00008/00075_00002.jpg
716,../00008/00171_00001.jpg
717,../00008/00171_00002.jpg
718,../00008/00392_00000.jpg
719,../00008/00392_00001.jpg
720,../00008/00392_00002.jpg
721,../00008/00393_00000.jpg
722,../00008/00393_00001.jpg
723,../00008/00393_00002.jpg
724,../00008/00395_00000.jpg
725,../00008/00395_00002.jpg
726,../00008/00406_00000.jpg
727,../00008/00406_00001.jpg
728,../00008/00406_00002.jpg
729,../00008/00416_00000.jpg
730,../00008/00418_00000.jpg
731,../00008/00418_00001.jpg
732,../00008/00418_00002.jpg
733,../00008/00434_00001.jpg
734,../00008/00438_00001.jpg
735,../00008/00452_00000.jpg
736,../00008/00452_00001.jpg
737,../00008/00452_00002.jpg
738,../00008/00453_00000.jpg
739,../00008/00453_00001.jpg
740,../00008/00462_00000.jpg
741,../00008/00462_00001.jpg
742,../00008/00462_00002.jpg
743,../00008/00463_00000.jpg
744,../00008/00463_00001.jpg
745,../00008/00463_00002.jpg
746,../00008/00466_00000.jpg
747,../00008/00466_00001.jpg
748,../00008/00466_00002.jpg
749,../00008/00653_00000.jpg
750,../00008/00653_00001.jpg
751,../00008/00653_00002.jpg
752,../00008/00655_00000.jpg
753,../00008/00655_00001.jpg
754,../00008/00655_00002.jpg
755,../00008/00686_00002.jpg
756,../00008/00694_00000.jpg
757,../00008/00694_00001.jpg
758,../00008/00694_00002.jpg
759,../00008/00714_00000.jpg
760,../00008/00714_00001.jpg
761,../00008/00740_00000.jpg
762,../00008/00740_00001.jpg
763,../00008/00740_00002.jpg
764,../00008/00751_00000.jpg
765,../00008/00751_00002.jpg
766,../00008/00764_00000.jpg
767,../00008/00764_00001.jpg
768,../00008/00764_00002.jpg
769,../00008/00772_00000.jpg
770,../00008/00772_00001.jpg
771,../00008/00772_00002.jpg
772,../00008/00774_00000.jpg
773,../00008/00774_00001.jpg
774,../00008/00796_00000.jpg
775,../00008/00796_00001.jpg
776,../00008/00796_00002.jpg
777,../00008/00822_00000.jpg
778,../00008/00861_00000.jpg
779,../00008/00861_00001.jpg
780,../00008/00862_00000.jpg
781,../00008/00862_00001.jpg
782,../00008/00862_00002.jpg
783,../00008/00904_00000.jpg
784,../00008/01000_00002.jpg
785,../00008/01029_00001.jpg
786,../00008/01029_00002.jpg
787,../00008/01129_00000.jpg
788,../00008/01919_00001.jpg
789,../00008/01919_00002.jpg
790,../00008/01953_00000.jpg
791,../00008/01953_00001.jpg
792,../00008/01953_00002.jpg
793,../00008/01954_00001.jpg
794,../00008/01954_00002.jpg
795,../00008/01961_00000.jpg
796,../00008/01961_00001.jpg
797,../00008/01961_00002.jpg
798,../00008/01963_00000.jpg
799,../00008/01963_00001.jpg
800,../00009/00622_00000.jpg
801,../00009/00622_00001.jpg
802,../00009/00622_00002.jpg
803,../00009/00628_00000.jpg
804,../00009/00628_00001.jpg
805,../00009/00628_00002.jpg
806,../00009/00629_00000.jpg
807,../00009/00629_00001.jpg
808,../00009/00629_00002.jpg
809,../00009/00640_00000.jpg
810,../00009/00640_00001.jpg
811,../00009/00640_00002.jpg
812,../00009/00643_00000.jpg
813,../00009/00643_00001.jpg
814,../00009/00643_00002.jpg
815,../00009/00648_00000.jpg
816,../00009/00648_00001.jpg
817,../00009/00648_00002.jpg
818,../00009/00651_00000.jpg
819,../00009/00651_00001.jpg
820,../00009/00651_00002.jpg
821,../00009/00678_00000.jpg
822,../00009/00678_00001.jpg
823,../00009/00678_00002.jpg
824,../00009/00923_00000.jpg
825,../00009/00923_00001.jpg
826,../00009/00923_00002.jpg
827,../00009/00924_00000.jpg
828,../00009/00924_00001.jpg
829,../00009/00924_00002.jpg
830,../00009/00934_00000.jpg
831,../00009/00934_00001.jpg
832,../00009/00934_00002.jpg
833,../00009/00940_00000.jpg
834,../00009/00940_00001.jpg
835,../00009/00940_00002.jpg
836,../00009/00955_00000.jpg
837,../00009/00955_00001.jpg
838,../00009/00955_00002.jpg
839,../00009/00958_00001.jpg
840,../00009/00958_00002.jpg
841,../00009/00962_00000.jpg
842,../00009/01005_00002.jpg
843,../00009/01011_00000.jpg
844,../00009/01011_00001.jpg
845,../00009/01011_00002.jpg
846,../00009/01037_00000.jpg
847,../00009/01037_00001.jpg
848,../00009/01037_00002.jpg
849,../00009/01098_00000.jpg
850,../00009/01098_00001.jpg
851,../00009/01098_00002.jpg
852,../00009/01100_00000.jpg
853,../00009/01100_00001.jpg
854,../00009/01100_00002.jpg
855,../00009/01100_00003.jpg
856,../00009/01104_00000.jpg
857,../00009/01104_00001.jpg
858,../00009/01104_00002.jpg
859,../00009/01235_00000.jpg
860,../00009/01235_00001.jpg
861,../00009/01235_00002.jpg
862,../00009/01242_00000.jpg
863,../00009/01242_00001.jpg
864,../00009/01242_00002.jpg
865,../00009/01261_00000.jpg
866,../00009/01261_00001.jpg
867,../00009/01777_00001.jpg
868,../00009/01777_00002.jpg
869,../00009/01838_00000.jpg
870,../00009/01838_00001.jpg
871,../00009/01861_00001.jpg
872,../00009/01862_00001.jpg
873,../00009/01862_00002.jpg
874,../00009/01863_00000.jpg
875,../00009/01863_00001.jpg
876,../00009/01863_00002.jpg
877,../00009/01864_00000.jpg
878,../00009/01864_00001.jpg
879,../00009/01864_00002.jpg
880,../00009/01870_00001.jpg
881,../00009/01870_00002.jpg
882,../00009/01871_00000.jpg
883,../00009/01871_00001.jpg
884,../00009/01871_00002.jpg
885,../00009/01883_00000.jpg
886,../00009/01883_00001.jpg
887,../00009/01883_00002.jpg
888,../00009/01894_00000.jpg
889,../00009/01894_00001.jpg
890,../00009/01909_00000.jpg
891,../00009/01909_00002.jpg
892,../00009/01910_00001.jpg
893,../00009/01910_00002.jpg
894,../00009/01929_00000.jpg
895,../00009/01929_00001.jpg
896,../00009/01929_00002.jpg
897,../00009/01935_00000.jpg
898,../00009/01935_00001.jpg
899,../00009/01935_00002.jpg
900,../00010/00022_00000.jpg
901,../00010/00022_00001.jpg
902,../00010/00022_00002.jpg
903,../00010/00030_00000.jpg
904,../00010/00030_00001.jpg
905,../00010/00448_00000.jpg
906,../00010/00448_00001.jpg
907,../00010/00448_00002.jpg
908,../00010/00452_00000.jpg
909,../00010/00452_00002.jpg
910,../00010/00460_00000.jpg
911,../00010/00460_00001.jpg
912,../00010/00460_00002.jpg
913,../00010/00464_00000.jpg
914,../00010/00464_00001.jpg
915,../00010/00464_00002.jpg
916,../00010/00479_00000.jpg
917,../00010/00479_00001.jpg
918,../00010/00525_00000.jpg
919,../00010/00525_00001.jpg
920,../00010/00525_00002.jpg
921,../00010/00530_00000.jpg
922,../00010/00530_00001.jpg
923,../00010/00530_00002.jpg
924,../00010/00543_00000.jpg
925,../00010/00543_00001.jpg
926,../00010/00543_00002.jpg
927,../00010/00708_00001.jpg
928,../00010/00708_00002.jpg
929,../00010/00711_00000.jpg
930,../00010/00711_00001.jpg
931,../00010/00711_00002.jpg
932,../00010/00731_00000.jpg
933,../00010/00731_00001.jpg
934,../00010/00731_00002.jpg
935,../00010/00744_00000.jpg
936,../00010/00744_00002.jpg
937,../00010/00765_00000.jpg
938,../00010/00765_00001.jpg
939,../00010/00765_00002.jpg
940,../00010/00767_00000.jpg
941,../00010/00767_00001.jpg
942,../00010/00767_00002.jpg
943,../00010/00797_00000.jpg
944,../00010/00797_00001.jpg
945,../00010/00817_00001.jpg
946,../00010/00817_00002.jpg
947,../00010/00819_00000.jpg
948,../00010/00819_00001.jpg
949,../00010/00826_00000.jpg
950,../00010/00826_00001.jpg
951,../00010/00826_00002.jpg
952,../00010/00829_00002.jpg
953,../00010/00853_00000.jpg
954,../00010/00853_00001.jpg
955,../00010/00853_00002.jpg
956,../00010/00862_00000.jpg
957,../00010/00862_00001.jpg
958,../00010/00863_00000.jpg
959,../00010/00913_00000.jpg
960,../00010/00913_00001.jpg
961,../00010/00990_00000.jpg
962,../00010/00990_00001.jpg
963,../00010/00990_00002.jpg
964,../00010/00993_00000.jpg
965,../00010/00993_00001.jpg
966,../00010/00993_00002.jpg
967,../00010/00997_00000.jpg
968,../00010/00997_00001.jpg
969,../00010/00997_00002.jpg
970,../00010/01025_00001.jpg
971,../00010/01025_00002.jpg
972,../00010/01027_00000.jpg
973,../00010/01027_00001.jpg
974,../00010/01027_00002.jpg
975,../00010/01177_00000.jpg
976,../00010/01178_00001.jpg
977,../00010/01179_00000.jpg
978,../00010/01179_00001.jpg
979,../00010/01297_00000.jpg
980,../00010/01297_00001.jpg
981,../00010/01297_00002.jpg
982,../00010/01333_00000.jpg
983,../00010/01412_00001.jpg
984,../00010/01795_00001.jpg
985,../00010/01795_00002.jpg
986,../00010/01819_00000.jpg
987,../00010/01819_00001.jpg
988,../00010/01819_00002.jpg
989,../00010/01821_00000.jpg
990,../00010/01821_00001.jpg
991,../00010/01821_00002.jpg
992,../00010/01822_00000.jpg
993,../00010/01822_00002.jpg
994,../00010/01825_00000.jpg
995,../00010/01826_00000.jpg
996,../00010/01826_00002.jpg
997,../00010/01827_00000.jpg
998,../00010/01827_00001.jpg
999,../00010/01827_00002.jpg
